ID,Producto,Valor,Categoria
1,Producto 1,576,B
2,Producto 2,4569,C
3,Producto 3,2026,A
4,Producto 4,3776,C
5,Producto 5,1218,C
6,Producto 6,3501,B
7,Producto 7,4034,B
8,Producto 8,4103,B
9,Producto 9,4392,A
10,Producto 10,1636,B
11,Producto 11,3481,B
12,Producto 12,3174,A
13,Producto 13,4032,A
14,Producto 14,735,A
15,Producto 15,2639,A
16,Producto 16,319,B
17,Producto 17,2392,A
18,Producto 18,3208,C
19,Producto 19,3183,A
20,Producto 20,1267,A
